Business Name,City
Boutique Marketing Agency,Mississauga
Plumbing & Heating Service,Ottawa
Yoga Studio,Oakville
Landscaping Company,Brampton
Brewpub,Hamilton
Pet Grooming Salon,Burlington
E-Commerce Apparel Startup,Markham
Small Accounting Firm,Kitchener
HVAC Installation Business,London
Graphic Design Studio,Windsor
Car Detailing Shop,Whitby
Independent Pharmacy,Richmond Hill
Daycare Centre,Guelph
Home Renovation Contractor,Oshawa
Hair Salon,Vaughan
Wedding Event Planning Agency,Niagara Falls
Artisanal Cheese Shop,Kingston
Private Tutoring Center,St. Catharines
Local Gym & Fitness Center,Thunder Bay
Web Development Agency,Barrie